num_0,num_1,num_2,num_3,num_4,num_5,category,type,class
0.13811211004114562,0.111149899184796,-0.7002387379038698,1.8287203226074937,0.1843911750824119,-0.17016507735402608,B,Y,0
-0.3860904628621849,1.0088319540145758,0.5450443956327744,-1.7376444700529736,-0.6958111572407325,-0.44678620848875167,C,X,1
-0.011951151107793679,0.6271349113554697,-1.0701519869568004,-0.079407480108345,1.6992665838581895,0.02906040229794189,A,X,0
-0.6942954302077361,-1.3342117954187203,-0.48690212543853034,-1.0787483020262059,-0.39460007706823946,0.542183638277612,C,Y,1
0.03695902364868769,-0.4800152494222218,-1.790682925821381,0.8319950068987261,-0.3524820465884508,0.10798671063893102,B,Y,0
-0.9117356788111819,-0.4089563572198086,-0.5799153894617103,-1.3339188102713393,-0.9079645220219655,-0.014707348270793149,B,X,1
0.2985725186823105,-0.6839336565302961,-1.2026992069945468,-0.3564380468855536,0.7796292216337622,-0.939152568602328,C,X,0
0.012882126860825866,-0.6604394147700217,1.1285104908950336,-0.5066057906256619,0.6620060985742273,1.0150684966693713,C,Y,1
1.5414806414066624,-1.3533121394186318,-1.3981103194396545,1.1652194629540937,1.001483972106681,-0.6169274624195753,C,Y,1
-3.2369936930968692,0.08088711920978717,-1.51749775753044,-0.8276994772964636,0.18119244770657192,0.3156433077323652,B,X,0
1.5813147159437841,-0.3727365585747615,-0.9763025928007426,0.9172919790721819,0.37707056285741797,-0.36313193347455824,B,X,1
0.031760494273413736,-0.3780336709649653,0.6920361946838569,1.6879394895033057,-0.7254901154615533,0.4208913314891379,B,X,1
-1.5297565279685663,-1.0725598314718134,0.562557552469593,-0.07040085206148038,-1.1091664569148427,0.008761535774271226,C,Y,0
0.8789130144392943,-1.4469268175678462,1.7465364967114192,0.5730280511176369,0.5929634179151211,-0.0013452548733527171,B,Y,1
1.7471282321778845,0.9623229088047455,-0.3675760019342538,0.7573896772692684,-0.7331405289326888,-0.28024832192665117,C,X,0
1.466633736103557,0.38758340350224124,0.6615236271455812,1.1696250879047323,0.5482232374853232,-0.8111783496025405,B,Y,1
1.6612812894315048,0.5161473096132521,0.586797077029454,0.055875844885627524,1.1107604792208343,1.9149563075564098,B,X,1
-0.3753430922309935,1.0654150254746124,0.03437270212231855,-1.99810737472294,-1.404055007039385,0.42429140664272796,C,Y,1
1.01035482444814,0.6090754558886144,0.7690985654712109,2.589605672093345,0.5283834890397071,-0.2649222482610717,A,Y,1
-0.1266445542835714,1.635001733914644,-1.2691890119846236,1.2379595566416366,0.016167744486988527,-0.8315794083923991,B,X,0
-1.4501490925988405,1.4805936766922854,-0.8573621115341507,0.062361964269938876,-0.9747501698510022,1.9658598927787385,A,X,0
0.09817302563104215,-1.3463791186299465,-0.42881555328779,1.3931352244762976,-0.9768315416674825,-0.3614312695328664,B,Y,0
1.1871523174314953,0.34229087298513927,-1.2194578971451588,0.22335222425279294,-0.15275008235466217,0.05241488282083097,B,X,0
0.9465577494079545,0.24058526182647944,-0.09278245483948273,-0.1419098509369102,1.076804121561936,-0.7203458327037973,B,Y,0
-2.1679074224817763,-0.225294989188389,0.37826394011265635,-0.4163618855183893,-0.5253472019703571,-0.36424766780857437,C,Y,1
-0.024555670925075348,-1.298293396876651,0.6613830877738915,-2.662335636782008,0.5400070194882313,0.31329998990075425,B,X,1
0.49702582910187026,-1.9284267397870716,0.29282975158478664,-0.542500902162365,1.6021903777957311,0.3617207773000827,A,X,1
-1.1767286829235142,-1.690506600061654,-0.614771114144766,0.8115613246901698,1.1524556587048451,0.18139773689109745,B,X,0
0.08003108883789707,-0.3320456362772928,-0.021355288103866693,1.2157239192832658,-0.3466224216534656,0.6588009251223399,B,X,1
-0.5284183590379147,1.0132743345276953,0.5787229712437788,0.9721194556162636,1.882118896723646,-2.5819861397503514,B,X,1
0.7537704952597987,0.46912695330352666,0.44749782283112766,0.24059080491400553,0.23988224280378506,0.33636651302579235,C,Y,1
0.9059948429159368,0.8262958862336164,-0.02495858534590337,-0.18747648815775403,0.020153545580703335,-0.4128759930200047,C,X,1
1.780234650554455,-1.270763833198704,0.7497898783937291,0.7438403890414885,-0.5303915911080285,0.2960507154125202,A,Y,1
1.2629594623303935,-0.33002573272802754,1.311934849363757,1.1182352545748198,-0.7098601030765912,-1.108060826450161,C,Y,1
0.16543221786821302,-1.2402983064876714,-2.9047017738365786,-0.4894122919115758,2.1742522790216228,-0.44715638415869263,B,X,0
0.37950316689456925,0.6999898956203011,-0.04117585978041399,-0.3336231395541479,1.2287165695314994,0.03991631120195616,C,X,1
-0.09138590050718327,0.7974926868835065,-1.029562511906137,-1.263112332138466,-1.6249055031739568,0.568012460072078,C,Y,0
-0.16366261287041073,0.8263578363544747,0.05091085078397355,-1.3709571815723334,-0.3556131918592389,0.8967958803511784,B,X,0
-0.2621700169775373,1.1868145941528527,-0.4535695595642477,0.7193578236546418,-1.782589914006777,-0.22644635581676942,B,X,0
-0.38706860666917053,-1.3978700155499755,1.1119206771263799,-0.6400659172433901,-0.7432783381048454,1.301299424780931,C,X,1
0.16144964369571507,0.779801539221435,-1.7027056459994752,-0.7985418212509747,2.0863889592849056,0.8540473359834786,B,Y,0
-1.0733338366060194,0.22503054069502465,-0.9956503875194612,1.3938354550494052,-2.2697477054216693,0.27529735059346666,C,X,0
0.2602814730902011,-1.1126295374985595,-0.2731518716604363,0.3755433726655682,-1.7781256338025615,-1.2795566800112979,C,X,0
-0.15510688262728914,-0.8330603705119864,-0.46312986404850326,-0.02007619849174149,-0.9104596307850624,-0.026576639462883526,B,Y,0
0.2979980132477897,0.7788681856800358,-1.2458277848078285,-0.6284038692302407,0.5885419736894102,-1.482089508770781,A,X,0
0.10619003846531383,0.028097840321430666,-2.5868384943050375,-0.49434571641363684,0.3307819306091656,-0.21185120810200678,C,Y,0
-0.47428285410483056,0.15617303317013093,0.9888953176633074,0.5375890244950319,-0.7558532141581759,-1.4589898803020618,A,X,1
0.5194670584754197,-1.1777385195873922,-0.5280342499531765,0.20094487773114475,1.1465263047816299,1.2858135840737106,A,X,0
0.06068550567905809,-0.5094918127736038,-1.2006416906489712,1.9586301196410394,-0.2898859069747252,0.6778286552461208,C,X,0
0.19678018344486323,-0.49560218238224196,-0.5379560154574167,-1.3831249977131876,1.122425313425666,-0.12053064430433982,C,X,0
1.4295733613753383,-0.44876750002430743,-0.2980205036595017,-1.1332640290356875,-0.31144054933648546,-1.2401190173996555,B,X,1
0.4026614558461963,0.10780921179123083,1.4748759626316141,-1.457755815081246,1.2160018967269728,-0.9784438531588308,B,Y,1
0.3442316047372998,-1.1454385472298,0.20277364695437022,-2.510596255098983,-0.6705815486606653,0.1060990884578069,A,Y,1
1.7554466184618203,-2.1280147129288527,-0.0022778408687663017,-0.5187445268315181,-1.9160526401362312,-1.1248283909758114,A,Y,1
-0.4711106262038626,0.46707678694327465,0.0878983616908724,-1.3124839471328773,-1.8340351453763033,0.4176488142331811,C,X,0
-0.19526735031174824,1.6114245524237512,-0.35255602616029874,1.143230896696307,0.5438380869217144,0.8216070855285851,C,X,0
0.4324124752062697,0.45433192072439116,-2.2918573452242277,-0.23691260144408566,-0.6636182794299768,1.270653836542879,B,Y,0
-1.0016746221786683,-0.28028041527703323,0.8008657226367427,0.30096539230736225,0.167307489256608,1.1091967211725868,C,Y,0
0.26008314697446866,-0.5449342869040771,-1.296269356317524,0.4867017445429827,-0.7701042617576169,-0.24113871407052276,C,X,0
1.0783571919498844,-0.2212736398152797,-0.4442339615648257,-0.27961478340779194,-0.2526254692437994,-0.9911986445174263,A,X,1
1.6773581318433464,-0.5493189721309052,0.7843874593772266,-1.0184591542296595,0.5495264886805309,0.16935570419226204,C,Y,0
0.025032072608355486,0.1749366688747334,0.4159593754643801,-0.22690233726036746,-0.17702572243393072,0.577436484012806,A,Y,1
-1.141954353065851,-1.2962989699366414,0.17894605435649097,-2.0097754517950306,-1.6828396046475333,1.8052466626272978,A,X,0
1.5493958980854783,-0.5707624596101843,0.9991791678137378,1.0337998940417497,0.4710911755946179,-0.07892531055932915,B,X,1
0.6264481711025495,0.7979883681003624,0.6421092072677065,-1.5493343902993415,2.0330676508608403,2.4033276689783016,B,X,1
-1.9091946182980382,0.5109667766200806,2.045722269285987,1.0022818023225757,1.012932794138331,-1.4385181525446897,A,X,0
0.791094751967693,0.2391966979999522,0.7798517450462621,-1.0355267512555562,-1.0714907984428985,-0.14255868743747244,C,Y,1
-0.3791866049363849,-0.15743720895012647,-0.4795313960395596,-0.2010169900111491,-0.6660979139664739,-0.04827581142813124,C,Y,0
-1.4235632610362292,0.5141053008286938,0.26054356645788473,-1.2618284057430276,1.326358729083182,-0.8268497308401207,C,X,0
1.1889511750846185,0.32942439383600136,1.0005628783232146,0.17618931864220516,0.5668378287876918,0.9896039874934642,A,X,1
1.9071897615156537,1.0746253416818479,0.44822871397751113,-1.348512769743566,-2.41583430569379,-0.13041058240533063,B,Y,1
-0.7144815049426922,-0.6777238734118634,-0.0824318961325833,0.6627939123403258,-0.6208957967003688,0.8951921675465123,C,Y,0
0.033493387140324196,0.037612354567568416,1.8749964459357513,0.17810962470411115,-0.05414216712711256,0.5239020065454016,A,X,1
1.7971448018381924,-0.04674373416386434,0.43975802951795245,-0.10828623832925553,-0.10304058169055548,-0.490092468827472,B,Y,1
-0.5600838882216894,1.6960577535787023,-0.553833023298506,-1.5406409691105445,0.12540678294127205,1.017817286474413,C,Y,0
1.242516123807333,-1.194465249343915,1.1127563010774193,2.0589388452982744,-0.6841544362973593,-0.17406566064673976,A,Y,1
-1.2315554653272682,1.8536995434306858,-1.4923864568169232,-0.39978822085083937,0.7846885920322508,-0.6840129905611327,A,Y,0
-0.9891160917615585,-0.05224085914030994,2.390156142731487,-0.2560005872975107,-0.20707203101898666,-1.1155593718557837,B,Y,1
0.38509549724866066,0.8837234028215399,-0.6063041132558343,0.5357316093267642,-0.5985280415435967,-1.8937214283323112,B,X,0
0.4573646321850826,2.074383013419702,-1.195896357049127,0.17937983537178465,1.3097551496028543,-0.10198582540100519,C,X,0
-1.4268340944965052,0.044958196480146664,1.4903599815289843,-0.506534492838361,0.23224285504812692,-1.053527670213464,B,X,1
-0.09947297378788458,0.38669153944393364,0.12585280368712068,-0.4314973802465361,0.44299270611619035,0.6694975570550015,A,Y,1
0.7355989953168233,-0.2929286350790185,-0.6210090533888766,1.9631190116484514,0.13762416119919,-0.2574873126021981,C,X,1
-1.477082035650432,-0.9324805769193364,-0.6423182098697088,0.4394135171192805,-0.3562272580922101,0.01519729634865994,A,X,0
-1.4332498962271858,1.404428839115885,-0.7374900016141628,0.23512253120707965,-0.5305600376356708,-0.31813211325341345,A,Y,0
-0.794045681610099,0.29630324755773246,-0.980342216152389,0.3142547140229679,-0.11882549513904682,0.6300198195293062,A,X,0
0.7286814587472745,-0.31758031085519073,0.36603140224205327,-0.4482821885355517,1.3160777571127416,-0.3589801937965196,A,Y,1
-0.20177707247723647,-0.4688093979762362,-0.733076289508027,2.033697892727265,0.4864116022817191,0.0680871680033405,C,X,0
-0.47622093450766806,1.113111760269593,-0.5456406400122633,0.12077919078002719,2.20295155170782,-0.9572529343475981,A,Y,0
0.5395744544491703,0.2885451789049627,0.5281592620972155,-0.2849035974847795,-0.5922557504863658,0.22649295862750257,B,X,1
-0.45602929023476,-2.3316379773712277,-0.8244659877907774,-0.3166669991278488,-1.0778491538051338,0.15098681649201912,A,X,0
-0.757596176861602,-0.043438897417883,2.16787268644344,1.2270025736281478,0.5914919405031096,1.8092289013068659,A,Y,1
-0.07258592159281166,-0.062407818121021356,-1.05559626636206,1.2781551703357357,1.956992599070562,0.90740965194817,C,X,0
1.423386092648631,-2.7373370562130814,2.3396963485809272,-0.10434319627602699,2.3559681409386264,1.7316504340428809,C,Y,1
0.7724254110872284,-0.3430353050142959,0.1582391268790533,-1.9100245617938043,0.9307994107903057,-2.5550050652857745,C,X,1
-0.2986888738826629,1.543237403813956,0.7207248784516294,-1.5299147611414732,-1.34030549732504,-0.5974356421217754,B,X,1
0.0783757836036479,0.8765508245111505,0.6041381074941737,-1.0587542097034526,0.6187329374352074,0.7253370144771,A,X,1
0.48852016997536707,2.47818464765586,0.7263189592632383,0.9678229659412162,1.875858357273764,0.8501171030494824,A,Y,1
-0.551055678822625,1.242702871261137,-0.4013942098204272,-0.9826083441351695,-0.8969775875339154,1.2313489462597484,B,X,0
0.6202457727272859,1.0608360585682186,0.6250908336340693,0.1888472928565346,0.31801149266751344,0.591078476506341,B,X,1
-0.6024899379467953,-1.2903001767802595,-0.48511506348364153,0.5441233503995898,-0.6478372818743074,2.129616646867411,C,X,0
0.4412632166932883,0.11948748991039185,-0.6063373158252868,0.9157370120091122,-1.2119422262768509,0.3157714378321137,B,X,1
-0.43552967992716335,0.12092964274968865,0.48627319240906386,-1.1456623229825649,-1.6709320126528755,-0.9316527850873301,B,X,1
0.8792417420572523,0.3731333914747823,-0.40290132655211713,1.968147100318418,1.2850983638644986,1.043461984944763,C,Y,1
-0.7242053907654499,1.0323476201672648,0.3407081540959084,-0.7222648950649616,-0.10410068214720108,-1.0384346713060235,B,Y,0
-0.7134846037733742,-1.1441757412110474,0.9565541298517434,-0.07092582088749534,-0.9415988383485345,0.5173743292837797,C,X,1
0.0015033164045851067,1.0505054812667218,0.1333367089299953,-1.4371876911985555,-0.4967436626659966,-1.1571948859546153,A,X,1
0.5630079045967847,1.084460836801576,-1.5439813064787988,-0.12449605370809819,1.1527508910882642,-1.5591027743376638,C,Y,0
-0.4350158240698577,-0.000229698709433205,1.067443584711766,0.5446892322913868,0.7490347978772707,0.6024599808624941,B,Y,1
-0.3731314936823809,1.643407137747976,-0.6709092083210072,-2.7784106959593813,-1.8005410554678065,-0.11689091422151389,B,X,0
-0.33154474857200145,-0.5363645247522444,0.15020437883634008,1.2004279371806503,0.4540281696213166,0.6485502035748631,C,X,0
-1.0797875772401162,-0.5194491892510879,0.7003557284570686,0.1080120599511815,0.47706213155529353,0.6137238793466493,B,Y,0
0.16619007103119254,1.5819061766556655,-0.5315360548744451,-0.8190916051136449,-1.764968803464475,0.7486032910005985,A,Y,0
-0.5700542615311426,1.266005919496249,0.24795244617517867,-0.3388328639712441,-1.0546378159284526,0.846511587141021,C,Y,0
-0.053887427544329944,0.267802236358015,0.6044413378913759,0.26575296731419207,-0.8498183768015674,0.521268034681237,C,Y,1
0.8202007417756949,0.3602290361831347,0.6323483735178703,0.7255443132246667,-0.3960628535962962,-0.4335572876379665,B,Y,1
2.2267869675244576,1.325759963334375,-0.04820588716250136,0.6828289557952604,-0.9376848308395843,-0.5988812624352399,B,Y,1
-1.2469096516029368,0.28566138159977295,0.2973651682092563,1.0838261053351088,-0.21203393432355527,1.0665879061072139,B,X,0
0.6529133283252059,2.459231205217613,1.6671159748665347,1.492156727740224,0.8356826166722305,-0.8942253886661151,C,Y,1
0.2927940174317923,2.2475552237713705,0.5069547413792032,-0.821778563562272,0.33596946790131904,-0.9896048340748077,C,Y,1
-0.8561941986867927,0.412899262087856,0.7395459245473952,-0.797921970107333,-0.5595564682221745,-1.4263750911681818,B,Y,0
-0.12929401053600606,-1.9460273188608526,-0.29914500165828156,0.07957702062960995,-1.7557893840060181,-1.007257917038587,C,X,0
-0.06009167765968855,-0.19657698705041687,-0.15036292750853983,0.2880128961700591,-1.6716829134355318,0.7086600672753995,A,X,0
-0.31872742336205084,-0.596197302087692,-1.8648554716906052,-0.26757716816757826,0.5120302565783048,0.14157213543256827,B,X,0
0.17081285426749113,-0.3390436640802288,-0.06054852187259797,-1.107461328116468,-0.00476603869298885,-0.491101518676934,C,X,0
-1.1247992013740484,0.7547192392854594,-1.575000095191989,0.5242855988457704,0.5871481425364098,-0.5272388300838102,A,Y,1
1.0304089642045287,-0.5483401120850115,-0.6111560215127,-1.200355239525486,-0.008443448542461453,-0.9586577434184866,B,X,1
-0.7916462428818392,-0.06537420809013574,-0.023507381962470188,1.2559336317835659,0.9310328520103603,0.5509922413679341,C,Y,0
-0.1465496170409263,-0.4040159541795773,-0.026592523339277283,-0.5562823566645203,-0.7009302046757014,-0.07879314743151704,B,X,0
-0.8783835941214154,-0.8169254324392738,0.9548740889647237,-1.3796790919574218,-1.039777604871315,1.2732738265199988,B,Y,1
-0.39213920963673643,1.3760260127397765,-1.1673651208250437,0.07378217075283319,0.7718272163986968,-0.9059715348348806,B,X,1
1.6743328157124602,-0.3903497829712537,0.5090899509607385,-0.6780546125845033,1.4916138497725873,0.3033597102859862,C,X,1
2.0972799006272753,1.179072011284753,0.8370328936924395,-0.9551170427292858,0.08385411395035618,-0.3166773172465712,A,X,1
0.026227258439208364,0.14772077800182626,-0.900697469898657,-0.15656246034011245,-0.0963888309956793,-1.0102284088871514,A,X,0
0.8004171833021931,0.22248521327634643,0.8132532099181279,0.4872185402850995,-1.7136254888785274,-0.8333051559192486,B,X,1
1.6532113149685608,0.7850891007532597,-1.6216392351813942,0.4700110325284867,-0.8319149212807356,-2.0964894882503637,C,X,1
1.6572090018819834,0.07532581794691111,0.21697838098037853,-1.2567711175053562,-1.1531374963311882,-1.5916371953999906,C,Y,1
1.4169760816935961,-1.6433286443372457,1.6167849683207607,-0.9867637548333795,-1.227879253439826,-0.055372336973118046,C,X,1
-0.6842093716826635,0.09729553840607576,-0.8771565273934805,-0.31348274971243295,-0.7583931737893346,0.861225723466313,A,Y,0
0.5126229913904747,0.24771922143903594,1.053547422901172,0.26317952432132297,0.17879942192955192,-0.11995372518464183,C,X,1
-0.7162481481989085,-0.7140423554361316,0.14712084084557622,1.017906792301055,0.5703637439699442,0.564618161770552,B,Y,0
-1.1061561292365731,0.5228318625666671,-0.3992074590507505,0.17573662658750355,0.5520148698287258,-1.1562071998537613,C,Y,0
0.15740371548979057,0.2362623336667617,0.998634763526669,-0.5168754599704078,-0.06121432783685457,0.1699642820361175,A,X,1
-0.5167859306360175,-0.5350477544986817,-0.5736425599565578,-0.1277230329920415,1.74708721858461,-0.09207542611249954,A,Y,0
0.4875399932607903,0.031592885976245044,-0.3075264351366598,-0.02419770203240646,0.7693456103101108,-0.05346743573879348,A,Y,1
-0.1609345293287546,-0.23477336644485744,-0.9934801403012754,1.0400901571891041,-0.4469360708663671,1.4694095296832657,A,Y,0
0.24470599738952128,1.4058853891791487,-0.19994269022412445,-0.733177575925666,1.043227688893244,-0.5610142160877859,C,Y,1
1.2855368186803255,0.5787137498365358,1.4644625122377632,-0.9764717984510988,0.9565108812872265,-0.7427471680502024,C,X,1
-2.396424950277559,0.8959166982326064,-0.006401936496103408,0.962414054170193,0.09201299135099902,0.02147521576248524,A,Y,1
1.497703468671258,0.11829355436845869,-0.47550023427775334,-0.08837511569229335,0.15763855342549715,-2.8446531204324543,C,Y,1
0.4911051631377178,1.358904534462064,-0.04898878820851682,-0.42075765874609633,0.38776751866939113,1.743547390939692,B,X,1
0.4691948621363831,0.21437364764990846,-0.3905792486713143,-1.0694964047198718,0.02340758294069926,0.04157676062014189,A,Y,0
-1.932097266386256,-0.7267836461075264,1.1588612617608192,-0.25806957644662293,-2.455825731763943,1.6011753474045443,A,X,0
-0.891509077663919,-0.4702672954071888,1.062254121768557,-0.7420734496322633,-1.9699605681863688,0.2175655299643953,C,X,1
0.7968421547466801,-0.46911059815514117,-0.12284381329174432,-1.179796241541408,-0.9954635815257836,-0.3216772998968878,B,X,1
0.6486122290630659,0.0977747429964652,1.020049299098559,1.6536109750979355,0.8865721701479811,-1.589963441914018,A,X,1
-0.28377803576779626,0.8769956512715757,-0.1195449456906255,-1.6193408691895903,-0.5519789211308319,-2.272451717097593,B,X,0
-0.27749562437764874,-0.6849212744959627,-0.3606459210280189,1.1814751714108023,-1.3314013563396612,-0.7182158312182835,A,Y,0
-1.1417624275159435,1.0713360795412783,1.1312372200050091,0.3600752658775715,0.3082896026381933,-1.2003382254937167,C,Y,0
0.19918898681167396,-1.1219104135185367,0.04119395418627698,-0.3433485010991792,-0.5941668829800706,0.02830235905997688,A,Y,1
0.6772619008186418,1.7754569181000432,0.5509849376448891,2.2779898051045526,0.20092503702355216,1.7838873299188238,C,Y,1
0.43558408766094686,0.23978958176160342,-0.1682279953750622,0.2991009577021073,0.43157849892316436,-1.4174527938526182,B,X,1
0.7000540538274891,-1.483993812663502,0.7011713536731663,0.5989534311169562,1.421247525758152,-0.8621024879207937,C,Y,1
-0.9871025980590088,1.1072585499312386,-1.0748392572865098,-1.1732333079514552,0.208617909402607,-0.046691542957991945,C,Y,0
0.15535533553356548,0.5377267010484975,0.5433103079752898,-0.07787286030339975,0.04815328652361599,-0.06698526895957137,A,X,1
0.035274358147669715,-1.387448904005148,0.7563899600802455,1.0490333789886384,0.6374292216692861,0.5605032358336176,A,X,1
-0.9906011504493648,-1.4152579249991868,0.8308927776544809,0.028568439468946646,0.16953238312800195,0.2144916195474207,B,X,0
0.257052765897236,0.6465407345217379,-0.09542827157967348,-1.9050934751722668,0.6884055142488796,0.5775466264133551,B,Y,1
-1.2946445621307656,-1.1660467432853188,0.8829912732693621,1.1190736219277155,-2.6636406311602383,0.44084305987948075,B,X,0
-0.22064635043660247,0.07416423207944571,0.13127779875706932,-0.7621427269376237,0.6526702685023648,-0.6881494387063138,C,Y,0
0.7470128074667325,0.9690291538551213,-0.8721589837128892,-0.8477193621091689,0.11365553608640665,1.5036566063761692,C,Y,0
-0.5927090241516831,-0.40319646475689347,0.32107214220451946,0.6567804225628722,0.5269673310290053,0.032293618677986365,A,X,0
-0.305518974710549,0.3318228066525445,-3.200569926563946,1.8692538310680837,-0.1858059173909823,0.18229774786200573,B,Y,0
2.0993798111828843,-0.7413108943096858,2.3321177016101857,0.7396610909540287,0.4465399694825137,0.6438986948411497,A,Y,1
-0.8414849923536032,-1.648956685660873,-1.180463681834589,1.0874164739588204,-0.9355715301444562,-1.65409836725634,A,Y,0
-0.07931664175488247,0.5747023308204463,0.03865128486942769,0.6063870302825959,1.1550133775604379,0.5712785824721058,C,Y,1
-0.15405280776771535,-0.54431767164655,0.7708046152647807,0.27531433300506586,-0.860766516994788,1.3021822064876425,A,Y,1
0.26216315048365507,0.6529134763401087,-0.39201853466518854,1.130715114553028,-1.5853582686716055,1.6754974960107958,C,X,0
-1.9388394601884573,-1.3766218655625526,0.2518302378463555,-0.530756132805377,-0.3283318972686925,-0.5310903808359716,A,Y,0
-0.7830753889884239,0.31697745438287706,-0.048561758765393453,0.8848340058585874,0.08017183229004728,-0.41681564031146834,B,Y,0
0.7744681887965331,-1.832237570605722,-2.5817391776343586,-1.5878221416530474,-0.343521770105061,0.3914681181805455,B,Y,0
-2.6711786829410533,-0.011610211841213471,-0.35457780207536366,0.13696211053934323,-1.907581997753973,2.6152666572921137,A,X,0
0.03250702677631625,-1.2171787554975697,0.12944129076332936,1.4948401263941093,-1.2866493938219377,-1.4948026265600824,A,Y,1
-0.11803987302759825,-0.03270280952681268,0.7094048171416073,1.4752928493183481,0.7800008320640236,-1.3876868495782382,B,X,1
-1.0710418353855413,-0.7983006496307254,0.7776754714572981,0.606706100055349,1.2615369842172088,0.5581135401190465,B,X,0
-0.6274711504487567,-0.196800677335289,-1.4614217465946748,0.6281442203822553,-0.6260598459205134,1.2242982848562467,C,Y,0
0.6002969801540358,1.9379995262491134,0.41979591008171774,0.4010732502533232,-0.18251829345491366,-0.38457580242178624,B,X,1
-0.258651841186265,0.9991480247422639,-1.3486104661821618,0.06332720266989578,-1.6663313729113671,0.37297514889430095,C,X,0
-0.4585296157225345,0.5036219655010356,-0.742498149664838,-0.2569784233340727,0.6323561148830777,0.12588127805572094,B,X,0
1.5427933359512191,-0.4815461310506369,-0.5679876890702067,1.2367918101036277,-0.3671865329571741,-0.41321827028470726,A,X,1
0.38310150633949663,-0.16385386016324285,-0.31154532611911234,-0.6929957326976681,1.362324949014687,-0.15064339610845887,A,Y,0
-0.5621483893811725,-0.2968835857359305,0.35492149875313733,1.46128401973745,-0.1691191455863507,-0.8627942933660809,B,X,0
1.918869254267176,0.13555096440925926,-0.1059273865210423,0.07183459790796395,-1.2454599843508227,-0.04540566616907678,A,X,1
0.7596079676254245,1.2201202527056243,-0.35821049719766634,0.18795341951623026,1.23797374544544,0.037528848547784766,C,Y,1
0.7194747311196413,0.4243112726378471,-0.6642758787876711,-0.916134583891578,1.0593212352836645,-2.6746325461584233,C,X,1
-0.6686228625639064,-1.3953004690879127,1.060793886994813,1.3647814725260778,-0.7243326125782066,2.764903143154464,C,X,1
1.3772165423695126,0.19715530603652767,1.4999895142411654,-0.6417282931576064,-0.27659073367283443,0.46321040942912745,B,X,0
-0.6920516740160699,-1.2843103510982228,-0.9379919428296085,-0.19668363098257965,0.4693153447547261,-0.33789046594611,C,X,0
-1.639842424076987,0.4703205105842162,1.2733741402790253,-0.6599447901509816,1.6627905941766747,0.8688731421697568,A,X,0
-1.05415805946547,-0.6479094362592419,-0.3129799534228018,-0.1852767258705726,-2.438379617751095,-0.7531593715543616,C,Y,0
-0.5536343286456148,1.8905599053610627,0.2269256263750773,-0.7980153802607322,-0.4385307180026674,0.4250875521152404,B,Y,0
-0.37795383522901277,-0.5853461891053252,-0.5532085050350268,0.47973037437499755,-1.3817150180168398,-1.0868994092789124,C,X,0
-0.9276448704774181,-1.1040937841969802,-0.8236338778547228,0.8968622181915691,1.036355880740219,0.2717070527230743,A,X,0
0.21481277624312986,-0.669981938800031,-2.081093131126931,0.14385163324634823,0.29773645476611693,-0.6736750876166813,A,Y,0
-1.0760718679449686,-1.2734155818502542,0.16763570596558694,0.08190416500063773,1.1945563195051805,-0.8054430600906586,B,Y,0
-0.28793499123209737,0.01720059235103982,-0.549859078379458,0.8390159109576929,1.2381460940285414,-1.105567085379944,C,X,0
-0.4580831804105587,1.3245549621255597,0.32316396875962894,0.11721179981621889,0.34124036603470553,0.6558894429555857,A,Y,1
0.38916379676224916,0.21359501257046531,0.009575052216129542,1.3482243069207784,-0.2662840582127011,0.0012370176020272286,B,Y,1
1.5519935321744154,0.3257265145978078,-0.06658574033879389,0.6307466866555212,0.22728954090655623,-0.7391152229297906,B,Y,1
0.24510162471481625,-0.8087673023257946,1.826772342601296,0.23877694995201437,-0.938207410404187,-0.3926308616970928,B,X,0
0.7595782506517088,-1.0911290342569888,2.7204643461524323,-1.4552528436723449,0.925654880851382,-0.4866092045014551,B,X,1
-0.808866301521583,0.5377319909182875,-0.45395709529539985,1.5915528507948589,-1.4012918749953005,0.5622784750420724,B,X,1
-0.2752225169152691,0.2962788881397917,0.5140948314654686,-1.7316185218489282,0.23400706641833025,1.0890533943820369,B,Y,1
0.4663871296200853,-0.36877049888462426,-1.4138048452136391,0.5079503789831874,1.8761071753953098,0.6618690189025913,A,X,0
1.1577189171293591,0.933016739439527,-0.3930788646074401,0.09048799653082809,0.8685231934970208,-1.5797201503991545,C,Y,1
0.6517430491753388,1.2589178216756192,-0.05135926426682004,0.8140197855685259,-0.5543716936134911,0.03823432284649213,B,X,1
-0.27311234228787656,0.45981269116679185,-0.10452560873507832,-1.6761793909474167,-0.71812744005889,1.9425085923574898,C,X,0
0.5675351827584689,-2.097921483858799,1.2078187518842378,-1.152821355888307,0.8933748097275014,1.2922341745522665,B,Y,1
0.10169002375444793,-0.9968928890583314,-0.7151638065523851,0.6292581392963357,-1.1354843349590091,-0.5818931489756969,A,X,0
0.5128939818892957,-0.6511747300974685,1.4207813824373177,-1.038079438798104,-3.2881567312576157,-0.778220767814002,A,Y,1
0.3101234130895267,0.8633299122015056,-0.4083886005353367,-0.2772301693268274,-0.03088638881003881,1.7419122435969832,C,X,1
0.37875895274464133,-0.49277316254854175,2.0517650982021998,0.011208238384341861,-2.075316769306431,-1.3868267606651243,B,X,1
0.5582367416387417,-1.7772272246375034,0.49805108461267816,-0.7799679610561256,1.1777161320057281,0.16751286654443023,C,Y,1
-1.637022409195429,0.9142230459945025,1.363597551834299,-1.2768333096760742,-0.8027886811181215,0.5023841826262905,B,Y,0
0.6817148948682519,2.3532456386655625,0.89090855321155,2.4007840563011533,0.019410973932356447,0.38362666766001585,B,X,1
-0.5681288011785729,-0.5226029245750656,0.14710033058241395,-0.5825041664106357,-2.5640861317568886,-0.6668006813821523,B,Y,0
1.0766941254001958,0.07280902022329813,0.0784094808867872,-0.7634449289057037,0.33295034472571317,1.658658272441191,B,X,1
1.4007063750375075,0.3658689101034145,-0.853724043958989,1.7671980630380746,1.0592426912616153,-1.4808440269842211,B,X,1
-1.7567942024100804,-1.4254314497397504,-0.4936683215525061,0.9017828201219706,0.8779514673786032,0.3407198451812973,B,X,0
-0.1404540791892007,2.3713080440145835,0.03398803780721369,-0.08698533384784689,-0.5075785728885307,2.2119933077457126,A,Y,0
0.7208999102114342,-1.0344880035178852,-1.1529631387015664,-1.6800373700314262,-0.0967696255997585,-1.4984771332828777,A,Y,0
-1.1676027957024233,1.0683413483940154,0.8909963130313696,1.491401978818313,-1.470320272452337,-1.0023201334965155,B,X,0
-0.6285646129978613,1.6400849576933456,0.06288211844802462,1.822025458463344,0.6274442125576021,-0.11242136355020901,C,X,0
0.5738379413570619,-1.7293810060586328,-2.054237488908266,0.25925771065567643,0.01440204370851548,1.933617534612549,C,Y,0
-1.3789497275451252,0.3724524520475191,0.6952785664185498,0.3428127772933927,1.098946004911103,-0.6323722439660601,A,X,0
0.8322316389184452,0.5615251108205065,1.1658542577842075,-0.5111635704164169,-1.1862033475518015,-0.6285562300602406,C,X,1
-1.0630582964299926,-0.5649779836239675,-0.3342833083135392,-0.9113914628628478,0.007773578798602507,-1.1790170909168918,B,Y,0
-0.0732004232831117,-0.4952222437098371,-0.1212310261271908,0.39335797343320095,-0.4182310681038147,-0.7779625709882355,B,X,0
-0.6545285706652274,1.023123276070069,1.276315028176074,-0.5148989928799563,-0.1545331263645147,-1.70439866798463,B,Y,1
-0.18194061076791637,-1.451555499281129,-0.48833744668001583,1.0773724139292211,-1.5018996288608073,-0.9020107605218295,B,Y,0
-0.897097426943374,-1.668853435191086,0.8627054772549474,0.2772380338010739,1.8088542150414562,-0.9953183993376351,B,Y,0
-1.772151372186271,0.94131881880201,-0.3608378246316899,-0.4666240775495591,1.478026409548902,0.16976236244700416,C,X,1
0.9041958140762485,-0.6226473516777409,-0.7251446492704843,-0.36537318378700423,0.6703666080328651,0.050900088789948755,C,Y,0
0.4679609748999105,-2.603232522495672,-1.8819683265925324,-2.153679232368571,-0.3792938542859959,-1.3976598745262194,B,X,0
1.6896547635169814,-0.021384966320825972,0.2166884529023424,-1.0897921163939,-1.1209880907601655,1.5512386368761766,B,Y,0
1.7824123245947168,0.415822012491502,-2.031747836930879,-0.4254781306237845,0.3132674864923491,-0.2279662700537921,C,Y,0
-2.1201660905908137,1.8495155760421207,-0.8354939530448533,-1.3411491273491123,-0.03087619598188127,1.184253464560505,C,X,0
0.5130164578787142,-1.315640653178425,-1.4805936088851637,-2.191578730452411,-0.29160461132067617,-0.4730909343932033,B,Y,0
0.513870604646475,-0.6855102427793475,0.9737074943561306,0.6546841886257846,-0.7288816455038859,0.39117459457277953,C,Y,1
1.3289720912464893,-0.9607059499118257,-0.2133278716860672,-0.23278819227696296,-0.3577150371383784,0.8018963097515185,B,Y,0
0.8810825786274639,0.4066731911490211,0.3589351074693598,-0.5622084220483275,0.33052795901231263,-1.285169644171519,A,X,1
2.478542012033887,1.3502663956647487,0.9565367094813999,0.40833737890665034,0.40918201682878047,-1.690121207614631,B,X,1
-1.2586115330972405,-1.1339697417607841,0.05835071269933361,-0.2815208581375611,0.8113283525272112,-0.9655476864798668,C,X,0
1.026613389680285,-0.8203802840966445,-0.4179636369745988,0.8954447564586847,0.5046545869049275,-1.2514559887608645,A,Y,1
1.064060623127044,0.08898629932010117,-2.142206574196117,-0.8426819081801472,-0.40962652275339284,-1.1693384273079759,C,Y,0
1.342712643385247,-0.3747588489392057,0.46018298114511125,0.20658766319247332,0.7057453801697587,1.6730506415650022,C,X,1
0.6757005504053284,1.742614176185563,0.702251919230705,0.1315319439378082,0.321456104173861,-2.6253685376743703,C,Y,1
-0.45515546044816174,-0.1435825553303098,0.4380543022223761,-0.025509619354748804,0.33387598102802046,-1.3231899448853819,A,Y,0
-1.581342872243211,-1.1831321763022504,1.5711944408497442,-1.267898858029031,-0.7886050043984563,0.10515347828682546,B,X,0
-1.5916229434926827,-0.872344827373172,0.6767817963674292,-0.43804240015697715,1.6834862327346027,-1.698556068590349,A,Y,0
-0.3456031899143635,-0.4377781044847719,-0.008934154357066137,-1.2267635974454518,-0.5804778781768032,0.7891234306540663,A,Y,0
-0.26940131087959895,-1.069727905206772,2.0800502598993984,0.04909981066704361,0.6133439566185207,0.7641443125351484,A,X,1
-0.07075782278440904,-0.7897436378806841,0.19919767590744808,-0.7001116301516942,0.37156879661469405,-0.1642403399926962,A,Y,1
1.0294150096736838,-1.1415004590099005,0.7185169231098952,0.613780268430649,-0.23902328979822618,0.7301955440699603,A,Y,1
0.41889286842275403,0.667151779369048,0.6035161101307024,0.05012037234316574,-0.5962042974037324,-0.6077552098996957,B,Y,1
-0.21464642044763177,0.8431433523124976,0.6322488819271014,1.0059814772731703,1.1062782204340331,-0.21699334824872105,B,Y,0
1.9624216767717035,-0.10398004877670189,-0.4938964617449101,0.3333329801939969,0.4837119709608474,-0.7415600394049936,C,Y,1
-0.1586520023681132,-0.4469714214201595,0.1415429076941094,0.7958590136729781,-0.265909276617035,0.5727149885322709,C,Y,0
-1.3888475834304244,0.8897858247748323,-0.45343035692486605,-0.47126147932158946,0.40033989335324555,0.4529014315625302,C,Y,0
-0.11230797994585484,-0.8887987059957329,-0.47956892731749273,0.09524241720806803,0.48984114325451966,-0.8229490843537431,C,Y,0
-0.640142080845181,0.2629436355586245,-0.08322792646115064,0.1464982830999909,-2.6144410761839096,-0.29491226766924467,B,Y,0
0.8532694724924376,-0.6158749704199612,0.48652557769100274,-1.208744644445127,-1.5627850692044551,0.4178175792779698,C,Y,1
-0.05446495212628591,-0.33588695089433135,0.8464664168260783,-0.3118407509267648,-0.6326192485525788,-0.7408200064016789,B,Y,1
-0.9523451807724246,0.46664770657533733,-0.3120980617806662,1.1425209425434208,-2.952331669171425,0.9228402715274912,C,X,0
0.3596296154333933,-0.0908241175753617,-1.2914132662785618,-1.6598773205069615,0.7510906237346867,0.2421466071705104,A,Y,1
0.22321873206843668,-0.1024708409451572,0.8498076329361394,-0.5858718436344491,-0.33640514659319287,-0.17659559225835222,B,X,1
-0.21365988606341335,1.3365724912657901,-1.2544379386072644,-1.954570518102855,-1.454026236736245,0.6836509511914323,B,Y,0
-0.10077462351911741,-1.5987205371305813,0.09966503034941941,-0.32398537646623843,0.5594945961874526,0.7942664034447959,C,Y,0
2.5181589550155206,-1.1821508201344666,-1.862760159398697,0.5891175435861203,0.9867126370234623,-1.275694384954344,C,Y,1
-1.2747288192980464,0.34436628701029054,1.7144828191002923,-0.8766087500899676,0.08706679534573893,-1.8991447267481725,A,X,0
-0.19858554106973172,-0.11364774931805388,1.4675404454041743,-0.7066777937389763,0.6864103938255258,-0.7717618991811203,A,Y,1
0.09033226117116229,2.077321187365057,1.7931014293216418,1.9605679382237304,0.39757220796139736,-0.21026246358886974,B,X,1
0.28492568162736365,0.46604827250619585,0.38931472308931536,-0.7113865409540648,-0.7515597829028895,-0.596257915136945,C,Y,1
1.0703154269865682,1.1790371266471322,3.1834339182751634,0.42564577159914807,-0.788429126734895,-0.47889008049195136,B,X,1
-0.1575021702570164,1.5062486229596213,0.7329388177985934,-1.346808606664201,-0.056843578815459914,-1.4714765319452094,C,Y,1
0.5924779469548925,-0.7068077944638022,-0.61123408219872,-1.8787313213257182,0.7568184050789574,1.208666715382928,B,X,0
-0.6929422624880038,-0.16201495587299197,-0.4793069285362946,-0.21825988640983623,-0.8196553832159195,-1.1002512999769851,B,X,0
1.368619712525166,-2.639715499958423,0.5041142690147961,0.28333222463394814,1.6539189406905979,-0.23638586951837476,C,X,1
-0.3713029086602225,-0.8084610870666614,0.3555636891734328,-0.7082315592955188,-1.1287854269395405,-0.7370839097750576,C,Y,0
-0.9468131656341756,-1.0059566925677472,0.08530886464193833,-0.19453659561221126,0.5495926935056342,0.14722987638136054,A,Y,1
-1.202721715777354,-2.1225507721809027,-1.0561584678617901,0.7637664640067325,0.7411098759063707,0.9846775195202164,C,X,0
0.8379399629467761,1.0871455443778142,0.4063163841495906,1.8029409842640567,0.2936505810635498,1.9992638177850637,B,X,1
-0.6263885747157267,-0.6519394259647784,-0.1923825508200384,-0.03747945381375968,-0.3212440209268405,0.5396678779631111,C,X,0
-0.10232061668154041,-0.6071752749513994,-0.39602821906658864,1.2176231750834379,0.31716584448337504,-1.6762768915756583,C,X,0
1.510624419336162,0.43350860971091937,0.6391307908408096,0.9290714344440588,0.9807321119917862,-0.919113591202518,A,Y,1
-1.0702147877570758,2.3964011897241684,-0.6980777491452362,0.37865347010469713,1.6314649667929073,-0.4435059575480194,C,Y,0
-0.36012244033065033,0.9264640866477932,0.2128738722434851,0.49511245476591187,-0.08042657631461005,-0.5263661430490939,A,Y,0
-0.33294111110205044,1.1939759140879942,-0.2956187890864324,0.4287236723872409,-0.9688004025877751,2.040279142915153,A,Y,0
0.31887481035470516,0.33961206362337015,0.9262787269163879,-0.48089577216855256,1.193748126590254,-1.5163050175558739,B,X,0
-0.614420461823467,-0.8012277491562728,-1.8805978087246749,-0.5286850521422574,-0.051951620848296964,-1.0899185189415799,B,Y,0
